id,description,en
advancedSearch.accordion.hide,Label for hide button when accordion is closed,Hide
advancedSearch.accordion.show,Label for show button when accordion is closed,Show
advancedSearch.form.childDetails,The title of Child details accordion,Child details
advancedSearch.form.dateOfRegistration,Label for input date of registration,Date of registration
advancedSearch.form.deceasedDetails,The title of Deceased details accordion,Deceased details
advancedSearch.form.eventDetails,The title of event details accordion,Event details
advancedSearch.form.fatherDetails,The title of Father details accordion,Father details
advancedSearch.form.informantDetails,The title informant details form,Notifier details
advancedSearch.form.motherDetails,The title of Mother details accordion,Mother details
advancedSearch.form.placeOfRegistration,Label for input Place of registration,Place of registration
advancedSearch.form.placeOfRegistrationHelperText,Helper text for input Place of registration,"Search for a province, district or registration office"
advancedSearch.form.recordStatusAchived,Option for form field: status of record,Archived
advancedSearch.form.recordStatusAny,Option for form field: status of record,Any status
advancedSearch.form.recordStatusCertified,Option for form field: status of record,Certified
advancedSearch.form.recordStatusCorrectionRequested,Option for form field: status of record,Correction requested
advancedSearch.form.recordStatusInReview,Option for form field: status of record,In review
advancedSearch.form.recordStatusInprogress,Option for form field: status of record,In progress
advancedSearch.form.recordStatusRegistered,Option for form field: status of record,Registered
advancedSearch.form.recordStatusRequireUpdate,Option for form field: status of record,Requires updates
advancedSearch.form.registrationDetails,The title of Registration details accordion,Registration details
advancedSearch.form.statusOfRecordLabel,Label for input Status of record,Status of record
advancedSearchResult.pill.childDoB,The label for child d.o.b in active advancedSearchParams,Child d.o.b
advancedSearchResult.pill.childFirstName,The label for child firstname in active advancedSearchParams,Child firstname
advancedSearchResult.pill.childLastName,The label for child lastname in active advancedSearchParams,Child lastname
advancedSearchResult.pill.deceasedDoB,The label for deceased d.o.b in active advancedSearchParams,Deceased d.o.b
advancedSearchResult.pill.deceasedFirstName,The label for deceased firstname in active advancedSearchParams,Deceased firstname
advancedSearchResult.pill.deceasedLastName,The label for deceased lastname in active advancedSearchParams,Deceased lastname
advancedSearchResult.pill.event,The label for event param in active advancedSearchParams,Event
advancedSearchResult.pill.eventDate,The label for event date param in active advancedSearchParams,Event date
advancedSearchResult.pill.eventLocation,The label for event location in active advancedSearchParams,Event location
advancedSearchResult.pill.fatherDoB,The label for father d.o.b in active advancedSearchParams,Father d.o.b
advancedSearchResult.pill.fatherFirstName,The label for father firstname in active advancedSearchParams,Father firstname
advancedSearchResult.pill.fatherLastName,The label for father lastname in active advancedSearchParams,Father lastname
advancedSearchResult.pill.gender,The label for gender in active advancedSearchParams,Sex
advancedSearchResult.pill.informantDoB,The label for informant d.o.b in active advancedSearchParams,Notifier d.o.b
advancedSearchResult.pill.informantFirstName,The label for informant firstname in active advancedSearchParams,Notifier firstname
advancedSearchResult.pill.informantLastName,The label for informant lastname in active advancedSearchParams,Notifier lastname
advancedSearchResult.pill.motherDoB,The label for mother d.o.b in active advancedSearchParams,Mother d.o.b
advancedSearchResult.pill.motherFirstName,The label for mother firstname in active advancedSearchParams,Mother firstname
advancedSearchResult.pill.motherLastName,The label for mother lastname in active advancedSearchParams,Mother lastname
advancedSearchResult.pill.regDate,The label for  registration date in active advancedSearchParams,Registration date
advancedSearchResult.pill.regLocation,The label for event location in active advancedSearchParams,Location
advancedSearchResult.pill.regNumber,The label for registration number in active advancedSearchParams,Registration number
advancedSearchResult.pill.registationStatus,The label for registration Status param in active advancedSearchParams,Registration status
advancedSearchResult.pill.trackingId,The label for tracking id in active advancedSearchParams,Tracking ID
advancedSearchResult.table.noResult,The label for no result in advancedSearchResult page,No result
advancedSearchResult.table.searchResult,The label for search result header in advancedSearchResult page,Search results
buttons.add,Add button text on form config,Add
buttons.apply,Apply button label,Apply
buttons.approve,Approve button text,Approve
buttons.archive,Archive button text,Archive
buttons.assign,Assign button label,Assign
buttons.back,Back button,Back
buttons.cancel,Cancel button text in the modal,Cancel
buttons.change,Change action,Change
buttons.changeLanguage,,Change language
buttons.closeDeclaration,Close declaration button text,Close declaration
buttons.configure,Configure button text,Configure
buttons.confirm,Label used for confirm button,Confirm
buttons.continue,Continue Button Text,Continue
buttons.copied,Copied button text,Copied
buttons.copy,Copy button text,Copy
buttons.create,Label for submit button of client integration creation form,Create
buttons.delete,Delete button,Delete
buttons.deleteDeclaration,Delete declaration button text,Delete declaration
buttons.drafts,,Drafts
buttons.edit,Edit button text,Edit
buttons.editRecord,Correct record button text on review certificate,"No, make correction"
buttons.editRegistration,Edit registration button text,Edit registration
buttons.exactDateUnknown,Label for DateRangePickerForFormField components daterangepicker toggle button,Exact date unknown
buttons.exit,Label for Exit button on EventTopBar,Exit
buttons.finish,The label for finish printing certificate button,Finish
buttons.forgotPassword,The label for forgot password button,Forgot password
buttons.forgottenPIN,The label for forgotten pin button,Forgotten pin
buttons.goToHomePage,Label for Go to Homepage button,Back to home
buttons.homepage,,Homepage
buttons.issue,Button for issuing,Issue
buttons.login,Login button on session expire modal,Login
buttons.logout,logout title,Logout
buttons.makeCorrection,Make correction button text on correction summary,Make correction
buttons.menu,,Menu
buttons.next,The label for next button,Next
buttons.no,No button text,No
buttons.preview,Preview button,Preview
buttons.print,Print button text,Print
buttons.printCertificate,,Print certificate
buttons.printDeclaration,,Print declaration
buttons.publish,Publish button text on form config,Publish
buttons.refresh,Refresh button,Refresh
buttons.register,Label for button on register confirmation modal,Register
buttons.reinstate,Label for reinstate button,Reinstate
buttons.reject,A label for reject link,Send for updates
buttons.rejectDeclaration,Reject declaration button text,Reject declaration
buttons.replace,Label for replacing the whole section in review form,Change all
buttons.retry,The title of retry button for failed declaration,Retry
buttons.review,Review button text,Review
buttons.save,Save Button Text,Save
buttons.saveAndExit,Save & exit Button Text,Save & Exit
buttons.saveDraft,,Save as draft
buttons.saving,Saving Button Text,Saving...
buttons.search,The title of search input submit button,Search
buttons.select,The select title,Select
buttons.send,Submit button on submit modal,Confirm
buttons.sendForApproval,Title for complete submit button,Send for approval
buttons.sendForReview,Submit Button Text,Send for review
buttons.sendForUpdates,,Send for updates
buttons.sendIncomplete,Title for Incomplete submit button,Send for review
buttons.settings,Menu item settings,Settings
buttons.start,Label of start button,Start
buttons.status,Label of status button,Status
buttons.unassign,Unassign button label,Unassign
buttons.update,The title of update button for draft declaration,Update
buttons.upload,Upload buttton,Upload
buttons.verify,Label for verify password button,Verify
buttons.view,Label for link button view,View
buttons.yes,Yes button text,Yes
certificate.confirmCorrect,Edit,Please confirm that the notifier has reviewed that the information on the certificate is correct and that you are ready to print.
certificate.isCertificateCorrect,Question asking the user if the information on the  certificate is correct,Is the {event} certificate correct?
certificate.label.birth,,Birth
certificate.label.death,,Death
certificate.label.dob,,D.o.B
certificate.label.dod,,D.o.D
certificate.parent.details.label.age,Person age,Age
certificate.parent.details.label.dateOfBirth,Parent Date of Birth,Date of Birth
certificate.parent.details.label.familyName,Parent last name,Last name
certificate.parent.details.label.familyNameInEng,Parent last name,Last name
certificate.parent.details.label.firstName,Parent first names,First name(s)
certificate.parent.details.label.firstNameInEng,Parent first names,First name(s)
certificate.parent.details.label.nationality,Parent Nationality,Nationality
certificate.parent.details.label.number,Parent number,Number
certificate.parent.details.label.typeOfID,Parent Type of ID,Type of ID
certificate.receipt.amount,Amount paid for certificate label,Amount paid:
certificate.receipt.amountDue,The label for due amount,Fee
certificate.receipt.birthService.after,Amount due on certificate for birth label,Birth registration after {target} days of date of birth
certificate.receipt.birthService.before,Amount due on certificate for birth label before target days,Birth registration before {target} days of date of birth
certificate.receipt.birthService.between,Amount due on certificate for birth label,Birth registration between {target} days and {latetarget} days of date of birth
certificate.receipt.deathService.after,Amount due on certificate for death label,Death registration after {target} days of date of death
certificate.receipt.deathService.before,Amount due on certificate for death label before target days,Death registration before {target} days of date of death
certificate.receipt.header,Receipt header for payment on certificate,Receipt for {event} Certificate of
certificate.receipt.issuedAt,Receipt on payment on certificate issued at label,Issued at:
certificate.receipt.issuedBy,,By:
certificate.receipt.issuedDate,,Date of payment:
certificate.receipt.issuer,Issuer information for receipt of certificate payment label,"By: {role}, {name} Date of payment: {dateOfPayment}"
certificate.receipt.marriageService.after,Amount due on certificate for marriage label,Marriage registration after {target} days of date of marriage
certificate.receipt.marriageService.before,Amount due on certificate for marriage label before target days,Marriage registration before {target} days of date of marriage
certificate.receipt.service,Service received for receipt label,Service
certificate.receipt.service..5year.amount,,৳ 50.00
certificate.receipt.service.5year,,{event} registration after 5 years of event
certificate.receipt.service.targetDay,,{event} registration after 45 days of event
certificate.receipt.service.targetDay.amount,,৳ 25.00
certificate.receipt.subheader,Subheader for receipt on payment on certificate,{event} Registration after {DOBDiff} of {DOE}
changeEmail.validation.msg,Phone number validation message,Must be a valid email address
changePhone.validation.msg,Phone number validation message,Must be a valid 10 digit number that starts with 0
config.advanced.search,This is used for the advanced search,Advanced Search
config.advanced.search.instruction,This is used for the advanced search,Select the options to build an advanced search. A minimum of two search parameters is required.
config.application.birthTabTitle,The title for birth tab,Birth
config.application.birthTabTitleExport,The title for birth tab for VSExport,Births
config.application.deathTabTitle,The title for death tab,Death
config.application.deathTabTitleExport,The title for death tab for VSExport,Deaths
config.application.emptystate,Vital Statistics Export Empty State Text,The previous month's vital statistics data (based on vital event registrations occurring within that month) will become available for you to export as of the 1st of every month. Large CSV files cannot be opened in Excel and should therefore be opened in a statistical program such as {posit}.
config.application.export,Download Export CSV,Export
config.application.vitalStatistics,Vital Statistics Export,"Month-{month}-Uganda-{event, select, birth{birth} death{death} other{birth}}-event-statistics.csv {fileSize}"
config.application.vsExportDownloadFailed,Vital Statistics Export Empty State Text,Sorry! Something went wrong
config.application.vsexport,VS Export tab,Vital statistics
config.certTemplate,Label for certificate templates,Certificate Template
config.certificate.options,Show options,Options
config.emailAllUsers.modal.supportingCopy,Label for send email all users confirmation supporting copy,User will receive emails over the next 24 hours
config.emailAllUsers.modal.title,Label for send email all users confirmation title,Send email to all users?
config.emailAllUsers.subtitle,Subtitle for email all users,This email will be sent to all users you are active. Emails will be sent over the next 24 hours. Only one email can be sent per day
config.emailAllUsers.title,Title for email all users,Email all users
config.userRoles.language,Language name,"{language, select, en {English} other {{language}}}"
config.userRoles.roleUpdateInstruction,Instruction for adding/updating role in role management modal,Add the roles to be assigned the system role of {systemRole}
conflicts.modal.assign.description,Description for modal when assign,Please note you will have sole access to this record. Please make any updates promptly otherwise unassign the record.
conflicts.modal.assign.title,Title for modal when assign,Assign record?
conflicts.modal.assigned.description,Description for modal when record already assigned,{name} at {officeName} has sole editable access to this record
conflicts.modal.assigned.title,Title for modal when record already assigned,Assigned record
conflicts.modal.regUnassign.description,Description for modal when registrar wants to unassign an assigned user,{name} at {officeName} currently has sole editable access to this record. Unassigning this record will mean their current edits will be lost. Please confirm you wish to continue.
conflicts.modal.selfUnassign.description,Description for modal when user wants to unassign him/herself,Unassigning this record will mean that any current edits will be lost. Please confirm you wish to continue.
conflicts.modal.unassign.title,Title for modal when unassign record,Unassign record?
constants.PIN,PIN label,PIN
constants.address,Label for address,Address
constants.ageVerificationApiUser,The description for AGE_VERIFICATION_API_USER role,Age verification API service
constants.allEvents,Label for select option All events,All events
constants.allStatuses,Label for select option All statuses,All statuses
constants.apiUser,The description for API_USER role,API User
constants.application.title,Application title,Application
constants.applicationArchivedOn,,Application archived on
constants.applicationName,Declaration name of CRVS,OpenCRVS
constants.archived_declaration,Application has been archived,Archived
constants.assignRecord,A label for the Assign record -button,Assign record
constants.averageRateOfRegistrations,A label for Average rate of registrations,Avg. {amount}%
constants.birth,A label from the birth event,Birth
constants.births,A label from the births event,Births
constants.by,Label for By (the person who performed the action),By
constants.certificate.title,Certificate title,Certificate
constants.certificationPaymentTitle,Label for certification payment performance reports,"Payment collected for {event, select, birth{birth} death{death} other{birth}} certificates"
constants.certified,A label for certified,certified
constants.cha,The description for CHA type,CHA
constants.chairman,The description for CHAIRMAN type,Chairman
constants.collected,The status label for collected,Collected
constants.collectedBy,The collected by sec text,Collected by
constants.collectorDetails,Label for collector details,Collector Details
constants.comment,Label for rejection comment,Comment
constants.config,,Configuration
constants.countryName,Name of the OpenCRVS implementation country,Uganda
constants.customTimePeriod,Label for Custom time period,Custom time period
constants.dataEntryClerk,The description for DATA_ENTRY_CLERK type,Data entry clerk
constants.dateOfDeclaration,Date of declaration label,Date of declaration
constants.daughter,,Daughter
constants.death,A label from the death event,Death
constants.deaths,A label from the deaths event,Deaths
constants.declaration,A label for declaration,declaration
constants.declarationCollectedOn,Label for the workflow timestamp when the status is collected,Certificate collected on
constants.declarationFailedOn,Label for the workflow timestamp when the status is failed,Failed to send on
constants.declarationRegisteredOn,Label for the workflow timestamp when the status is registered,Registered on
constants.declarationRejectedOn,Label for the workflow timestamp when the status is rejected,Declaration rejected on
constants.declarationRequestedCorrectionOn,Label for the workflow timestamp when the status is requested correction,Declaration requested correction on
constants.declarationSentForExternalValidationOn,Label for the workflow timestamp when the status is waiting_validation,Declaration sent for external validation on
constants.declarationStarted,Label for table header column Declaration started,Started
constants.declarationStartedBy,Label for table header column Started by,Started by
constants.declarationStartedOn,Label for the workflow timestamp when the status is draft created,Started on
constants.declarationState,A label to describe when the declaration was actioned on,Declaration {action} on
constants.declarationSubmittedOn,Label for the workflow timestamp when the status is declaration,Declaration submitted on
constants.declarationUpdatedOn,Label for the workflow timestamp when the status is draft updated,Updated on
constants.declarationValidatedOn,Label for the workflow timestamp when the status is validated,Declaration reviewed on
constants.declarations,Declaration title,Declarations
constants.declarationsCount,A label for declarations count,Declarations ({totalItems})
constants.declrationArchivedOn,Label for the workflow timestamp when the status is archived,Application archived on
constants.districtRegistrar,The description for DISTRICT_REGISTRAR role,District Registrar
constants.dnrpc,The description for DNRPC type,DNRPC
constants.dob,Date of birth label,D.o.B.
constants.dod,Label for DoD in work queue list item,D.o.D.
constants.downloaded,Label for application download status Downloaded,Downloaded
constants.downloading,Label for declaration download status Downloading,Downloading...
constants.draft,A label for draft,Draft
constants.duplicateOf,table header for `duplicate of` in record audit,Duplicate of
constants.emailAddress,Email label,Email Address
constants.emailBody,Label for email body input,Message
constants.emailSubject,Label for email subject input,Subject
constants.entrepeneur,The description for ENTREPENEUR type,Entrepeneur
constants.estimatedNumberOfEvents,A label for Estimated number of events,"Estimated{lineBreak}no. of {eventType, select, birth {birth} death {death} other {birth}}s"
constants.estimatedNumberOfRegistartion,A label for estimated no. of registrations,Estimated no. of registrations
constants.estimatedTargetDaysRegistrationTitle,A label for estimated vs total registered in {registrationTargetDays} days,Estimated vs total registered in {registrationTargetDays} days
constants.event,Label for Event of event in work queue list item,Event
constants.eventDate,Label for event date in list item,Date of event
constants.eventType,Label for table header column Event type,Event
constants.export,Label used for export,Export
constants.extendedFamily,,Extended family
constants.failedToSend,Label for declaration status Failed,Failed to send
constants.father,,Father
constants.female,The duplicates text for female,Female
constants.femaleOver18,Label for femaleOver18,Female Over 18
constants.femaleUnder18,Label for femaleUnder18,Female Under 18
constants.fieldAgent,The description for FIELD_AGENT role,Field Agent
constants.form.title,Form Declaration title,Declaration forms
constants.from,Label for text From,From
constants.gender,Gender label,Gender
constants.healthDivision,The description for HEALTH_DIVISION type,Health Division
constants.healthcareWorker,The description for Healthcare Worker type,Healthcare Worker
constants.history,History heading,History
constants.id,ID Label,ID
constants.idCheckWithoutVerify,Issuance without the confirmation of proof,Continue without proof of ID?
constants.inReview.status,A label for In Review,In review
constants.incomplete.status,A label for Incomplete,Incomplete
constants.informant,Informant Label,Notifier
constants.informantContactNumber,The title of contact number label,Notifier contact number
constants.integrations,Integration title,Integrations
constants.issueCertificate,Label for issue certificate,Issue Certificate
constants.issueConfirmationMessage,Confirmation of issuance,Please confirm that the certificate has been issued to the informant or collector.
constants.issueToBride,Issuing to bride,Issue to bride
constants.issueToFather,Issuing to father,Issue to father
constants.issueToGroom,Issuing to groom,Issue to groom
constants.issueToInformant,Issuance of death to informant,"Issue to informant ({informant, select, MOTHER {Mother} FATHER {Father} GRANDFATHER {Grandfather} GRANDMOTHER {Grandmother} BROTHER {Brother} SISTER {Sister} LEGAL_GUARDIAN {Legal guardian} BRIDE {Bride} GROOM {Groom} HEAD_OF_GROOM_FAMILY {Head of groom's family} HEAD_OF_BRIDE_FAMILY {Head of bride's family} SPOUSE {Spouse} SON {Son} DAUGHTER {Daughter} SON_IN_LAW {Son in law} DAUGHTER_IN_LAW {Daughter in law} GRANDSON {Grandson} GRANDDAUGHTER {Granddaughter} other {{informant}}})"
constants.issueToMother,Issuing to mother,Issue to mother
constants.issueToSomeoneElse,Issuing to someone else,Issue to someone else
constants.issuedBy,The issued by sec text,Issued by
constants.label.action,Action Label,Action
constants.label.date,Date Label,Date
constants.language,language label,Language
constants.last12Months,Label for preset date range Last 12 months,Last 12 months
constants.last30Days,Label for  preset date range Last 30 days,Last 30 days
constants.lastEdited,Label for rejection date in work queue list item,Last edited
constants.lastUpdated,Label for Last updated in list item,Last update
constants.loadMore,A label for load more,Load more
constants.localLeader,The description for Local Leader type,Local Leader
constants.localRegistrar,The description for LOCAL_REGISTRAR role,Registrar
constants.localSystemAdmin,,Local System Admin
constants.location,Label for location,Location
constants.login,,Login
constants.male,The duplicates text for male,Male
constants.maleOver18,Label for maleOver18,Male Over 18
constants.maleUnder18,Label for maleUnder18,Male Under 18
constants.marriage,A label from the marriage event,Marriage
constants.marriages,A label from the marriages event,Marriages
constants.matchedTo,table header for `Matched to` in record audit,Matched to
constants.mayor,The description for MAYOR type,Mayor
constants.month,Label for month,Month
constants.mother,,Mother
constants.name,Name label,Name
constants.nationalRegistrar,The description for NATIONAL_REGISTRAR role,National Registrar
constants.nationalSystemAdmin,The description for System admin (national),National System Admin
constants.noConnection,No Connection hover text,No connection
constants.noNameProvided,Label for empty title,No name provided
constants.noResults,Text to display if the search return no results for the current filters,No result
constants.noResultsOutbox,Text to display if there is no items in outbox,No records require processing
constants.notificationApiUser,The description for NOTIFICATION_API_USER role,Notification API role
constants.notificationSent,label for notification sent,Notification sent
constants.orgDivision,The description for ORG_DIVISION type,ORG Division
constants.over5Years,Label for registrations over 5 years,Over 5 years
constants.password,Password label,Password
constants.pendingConnection,Label for declaration status Pending Connection,Pending connection
constants.percentageOfEstimation,A label for percentage of estimate,Percentage of estimate
constants.performance,Performance title,Performance
constants.performanceManagement,The description for Performance Management role,Performance Manager
constants.phoneNumber,Phone label,Phone number
constants.policeOfficer,The description for Police Officer type,Police Officer
constants.rateOfRegistrationWithinTargetd,,Rate within {registrationTargetDays}{lineBreak}days of event
constants.rateOfRegistrationWithinYears,,"Rate within {num} {num, plural, =0 {year} =1 {year} other {years}} of event"
constants.reason,Label for Reason the declaration was rejected,Reason
constants.record,Label for header table header Record,Record
constants.refresh,label for refresh,refresh
constants.registered,A label for registered,Registered
constants.registered.status,A label for registered,Registered
constants.registeredAt,Label for comparison row registeredAt type,Registered at
constants.registeredBy,Label for comparison row registeredBy type,Registered by
constants.registeredInTargetd,A label for Registered in {registrationTargetDays} days,Registered in {registrationTargetDays} days
constants.registeredWithinTargetd,A label for Registered {registrationTargetDays} within  days of event,Registered within{lineBreak}{registrationTargetDays} days of event
constants.registrationAgent,The description for REGISTRATION_AGENT role,Registration Agent
constants.registrationNumber,Label for registered number,Reg no.
constants.rejected,A label for rejected,rejected
constants.rejectedDays,The title of rejected days of declaration,Rejected {text}
constants.relationship,Relationship Label for death,Relationship
constants.requestReason,Label for Reason the declaration was corrected,Reason for request
constants.requestedCorrection,A label for requested correction,requested correction
constants.requireUpdatesLoading,The text when all rejected declarations are loading,Checking your declarations
constants.requiresUpdates.status,A label for Requires updates,Requires updates
constants.review,A label from the review button,Review
constants.role,Role label,Role
constants.search,The title of the page,Search
constants.secretary,The description for SECRETARY type,Secretary
constants.sending,Label for declaration status Submitting,Sending...
constants.sentForApproval,label for sent for approval,Sent for approval
constants.sentForReview,label for sent for review,Sent for review
constants.sentForUpdates,label for sent for updates,Sent for updates
constants.sentForUpdatesOn,Label for rejection date in work queue list item,Sent for updates on
constants.sentForValidation,label for sent for validation,Sent for validation
constants.sentOn,Label for rejection date in work queue list item,Sent on
constants.sent_incomplete,Declaration submitted without completing the required fields,Sent incomplete
constants.showMore,Label for show more link,Show next {pageSize}
constants.skipToMainContent,Label for a keyboard accessibility link which skips to the main content,Skip to main content
constants.socialWorker,The description for Social Worker type,Social Worker
constants.son,,Son
constants.spouse,,Spouse
constants.startedAt,Label for Started At in list item,Started
constants.startedBy,Label for Started by in list item,Started by
constants.stateRegistrar,The description for STATE_REGISTRAR role,State Registrar
constants.status,Title for column,Status
constants.submissionStatus,Label for table header of column Submission status,Submission status
constants.submitted,A label for submitted,submitted
constants.systemrole,System Role label,System Role
constants.timeFramesTitle,Header for tabel performance timeframs,"{event, select, birth{Birth} death{Death} other{Birth}} registered by time period, from date of occurrence"
constants.timeInProgress,Label for column Time in progress,Time in progress
constants.timePeriod,A label for Time period,Time period
constants.timeReadyForReview,Label for column Time in ready for review,Time in ready for review
constants.timeReadyToPrint,Label for column Time in ready to print,Time in ready to print
constants.timeRequireUpdates,Label for column Time in require updates,Time in require updates
constants.timeWaitingExternalValidation,Label for column Time in external validation BRIS,Time in external validation
constants.timeWatingApproval,Label for column Time in waiting for approval,Time in waiting for approval
constants.to,Used in sentence,to
constants.toCapitalized,Label for To,To
constants.total,Label for total,Total
constants.totalFileSizeExceed,Accumulated File size exceed message,Total size of documents exceeds {fileSize}. Please reduce file size of your uploads
constants.totalRegistered,A label for Total registered,Total{lineBreak}registered
constants.totalRegisteredInTargetDays,A label for total registered in {registrationTargetDays} days,Total registered in {registrationTargetDays} days
constants.trackingId,Search menu tracking id type,Tracking ID
constants.type,Label for type of event in work queue list item,Type
constants.update,The title of reject button in list item actions,Update
constants.updated,Application has been updated,Updated
constants.updated_declaration,Declaration has been updated,Updated declaration
constants.user,The name of the user form,User
constants.user.role,,Role
constants.user.systemRole,,System Role
constants.username,Username,Username
constants.validated,A label for validated,validated
constants.validatorApiUser,The description for VALIDATOR_API_USER role,Validator API role
constants.viewAll,Label for view all link,View all
constants.waitingToSend,Label for declaration status Ready to Submit,Waiting to send
constants.waitingValidated,A label for waitingValidated,Waiting for validation
constants.waitingValidation,A label for waitingValidation,Sent for validation
constants.week,Label for week,Week
constants.within1YearTo5Years,Label for registrations within 1 year to 5 years,1 year - 5 years
constants.withinTargetDays,Label for registrations within {registrationTargetDays} days,Within {registrationTargetDays} days
constants.withinTargetDaysTo1Year,Label for registrations within {registrationTargetDays} days to 1 year,{registrationTargetDays} days - 1 year
correction.certificate.corrector.idCheck,The title for id check component,Verify their identity
correction.certificate.corrector.idCheckVerify,The label for id check component action when verify details,Verified
correction.certificate.corrector.idCheckWithoutVerify,The label for id check component action when does not verify details,Identity does not match
correction.certificate.corrector.otherIdCheck,The title for other id check component,Check proof of ID
correction.correctRecordDialog.description,The description for the dialog when record correction sent by a registrar,The informant will be notified of this correction and a record of this decision will be recorded
correction.correctRecordDialog.title,The title for the dialog when record correction sent by a registrar,Correct record ?
correction.correctionForApprovalDialog.actions.cancel,The cancel button for the dialog when record correction sent by registration agent for approval,Cancel
correction.correctionForApprovalDialog.actions.send,The send button for the dialog when record correction sent by registration agent for approval,Confirm
correction.correctionForApprovalDialog.description,The description for the dialog when record correction sent by registration agent for approval,The Registrar will be notified of this correction request and a record of this request will be recorded
correction.correctionForApprovalDialog.title,The title for the dialog when record correction sent by registration agent for approval,Send record correction for approval ?
correction.corrector.anotherAgent,Label for another registration or field agent option in certificate correction form,Another registration agent or field agent
correction.corrector.birth.note,Birth correction note,Note: In the case that the child is now of legal age (18) then only they should be able to request a change to their birth record.
correction.corrector.bride,Label for bride option in certificate correction form,Bride
correction.corrector.child,Label for child option in certificate correction form,Child
correction.corrector.court,Label for court option in certificate correction form,Court
correction.corrector.description,The description for the dialog when details of the corrector not verified,"Please be aware that if you proceed, you will be responsible for making a change to this record without the necessary proof of identification"
correction.corrector.error,Error for corrector form,Please select who is requesting a change to the record
correction.corrector.father,Label for father option in certificate correction form,Father
correction.corrector.groom,Label for groom option in certificate correction form,Groom
correction.corrector.idCheck,,Check proof of ID
correction.corrector.idCheckVerify,,Yes
correction.corrector.idCheckWithoutVerify,,No
correction.corrector.informant,Label for informant option in certificate correction form,"Informant ({informant, select, MOTHER {Mother} FATHER {Father} GRANDFATHER {Grandfather} GRANDMOTHER {Grandmother} BROTHER {Brother} SISTER {Sister} LEGAL_GUARDIAN {Legal guardian} BRIDE {Bride} GROOM {Groom} HEAD_OF_GROOM_FAMILY {Head of groom's family} HEAD_OF_BRIDE_FAMILY {Head of bride's family} SPOUSE {Spouse} SON {Son} DAUGHTER {Daughter} SON_IN_LAW {Son in law} DAUGHTER_IN_LAW {Daughter in law} GRANDSON {Grandson} GRANDDAUGHTER {Granddaughter} other {{informant}}})"
correction.corrector.legalGuardian,Label for legal guardian option in certificate correction form,Legal guardian
correction.corrector.me,Label for registrar option in certificate correction form,Me
correction.corrector.mother,Label for mother option in certificate correction form,Mother
correction.corrector.otherIdCheck,,Check proof of ID
correction.corrector.others,Label for someone else option in certificate correction form,Someone else
correction.corrector.title,The title for the corrector form,Correction requester
correction.informant.error,Error for corrector form,Please select who is the notifier
correction.name,Certificate correction section name,Correction
correction.reason.additionalComment,Label for any additional comment for correction reason form,Comments
correction.reason.clericalError,Label for clerical error for correction reason form,Myself or an agent made a mistake (Clerical error)
correction.reason.error,Error for reason form,Reason for change
correction.reason.judicialOrder,Label for judicial order for correction reason form,Ordered to do so by the court (Judicial order)
correction.reason.materialError,Label for material error for correction reason form,Notifier provided incorrect information (Material error)
correction.reason.materialOmission,Label for material omission for correction reason form,Notifier did not provide this information (Material omission)
correction.reason.other,,Other
correction.reason.reasonForChange,Label for other reason for correction reason form,Reason for correction
correction.reason.title,The title for the correction reason form,Reason for correction
correction.request,Status for application being requested for correction,Requested correction
correction.summary.addComments,Add Comments header for certificate correction summary,Add Comments
correction.summary.comments,Comments header for certificate correction summary,Comments
correction.summary.correction,Correction value table header for certificate correction summary,Correction
correction.summary.feesRequired,Fees required for certificate correction summary,Fees required?
correction.summary.feesRequiredNegative,Negative label for Fees required for certificate correction summary,No
correction.summary.feesRequiredPositive,Positive label for Fees required for certificate correction summary,Yes
correction.summary.idCheck,ID check header for certificate correction summary,ID check
correction.summary.idCheckForCorrection,The title for the dialog when details of the collector not verified for correction,Correct without proof of ID?
correction.summary.item,Corrected item table header for certificate correction summary,Item
correction.summary.office,Office where certificate correction summary was submitted,Office
correction.summary.original,Original value table header for certificate correction summary,Original
correction.summary.proofOfPayment,Proof of payment label fees payment document,Proof of payment
correction.summary.proofOfPaymentRequired,Validation for proof of payment document for certificate correction summary,Proof of payment is required
correction.summary.reasonForRequest,Reason for request header for certificate correction summary,Reason for request
correction.summary.requestedBy,Requested by header for certificate correction summary,Requested by
correction.summary.requestedOn,Date when certificate correction summary was submitted,Requested on
correction.summary.required,Payment and proof of payment input error,Required for correction
correction.summary.submitter,Submitter of certificate correction summary,Submitter
correction.summary.supportingDocuments,Supporting documents header for certificate correction summary,Supporting documents
correction.summary.title,Title for certificate correction summary,Correction summary
correction.summary.totalPaymentLabel,Label of total payment in correction summary,Total {currency}
correction.supportingDocuments.attestToSeeCorrectionDocument,Option for form field: Correction Supporting Document,I attest to seeing supporting documentation and have a copy filed at my office
correction.supportingDocuments.docTypeAffidavitProof,Label for select option Affidavit,Affidavit
correction.supportingDocuments.docTypeCourtDocument,Label for select option Court Document,Court Document
correction.supportingDocuments.docTypeOther,Label for select option Other,Other
correction.supportingDocuments.noDocumentsRequiredForCorrection,Option for form field: Correction Supporting Document,No supporting documents required
correction.supportingDocuments.proofOfLegalDocuments,Label for list item of legal proof,Proof of legal correction documents
correction.supportingDocuments.select.placeholder,Placeholder text for a select,Select
correction.supportingDocuments.subtitle,Label for supportingDocuments form subtitle in certificate correction form,"For all record corrections at a minimum an affidavit must be provided. For material errors and omissions eg. in paternity cases, a court order must also be provided."
correction.supportingDocuments.supportDocumentForCorrection,Label for form field: Correction Supporting Document,Check supporting document
correction.supportingDocuments.title,Label for supportingDocuments form title in certificate correction form,Upload supporting documents
correction.title,Certificate correction section title,Correct record
countries.ABW,,Aruba
countries.AFG,,Afghanistan
countries.AGO,,Angola
countries.AIA,,Anguilla
countries.ALA,,Åland Islands
countries.ALB,,Albania
countries.AND,,Andorra
countries.ARE,,United Arab Emirates
countries.ARG,,Argentina
countries.ARM,,Armenia
countries.ASM,,American Samoa
countries.ATA,,Antarctica
countries.ATF,,French Southern Territories
countries.ATG,,Antigua and Barbuda
countries.AUS,,Australia
countries.AUT,,Austria
countries.AZE,,Azerbaijan
countries.BDI,,Burundi
countries.BEL,,Belgium
countries.BEN,,Benin
countries.BES,,"Bonaire, Sint Eustatius and Saba"
countries.BFA,,Burkina Faso
countries.BGD,,Bangladesh
countries.BGR,,Bulgaria
countries.BHR,,Bahrain
countries.BHS,,Bahamas
countries.BIH,,Bosnia and Herzegovina
countries.BLM,,Saint Barthélemy
countries.BLR,,Belarus
countries.BLZ,,Belize
countries.BMU,,Bermuda
countries.BOL,,Bolivia (Plurinational State of)
countries.BRA,,Brazil
countries.BRB,,Barbados
countries.BRN,,Brunei Darussalam
countries.BTN,,Bhutan
countries.BVT,,Bouvet Island
countries.BWA,,Botswana
countries.CAF,,Central African Republic
countries.CAN,,Canada
countries.CCK,,Cocos (Keeling) Islands
countries.CHE,,Switzerland
countries.CHL,,Chile
countries.CHN,,China
countries.CIV,,Côte d'Ivoire
countries.CMR,,Cameroon
countries.COD,,Democratic Republic of the Congo
countries.COG,,Congo
countries.COK,,Cook Islands
countries.COL,,Colombia
countries.COM,,Comoros
countries.CPV,,Cabo Verde
countries.CRI,,Costa Rica
countries.CUB,,Cuba
countries.CUW,,Curaçao
countries.CXR,,Christmas Island
countries.CYM,,Cayman Islands
countries.CYP,,Cyprus
countries.CZE,,Czechia
countries.DEU,,Germany
countries.DJI,,Djibouti
countries.DMA,,Dominica
countries.DNK,,Denmark
countries.DOM,,Dominican Republic
countries.DZA,,Algeria
countries.ECU,,Ecuador
countries.EGY,,Egypt
countries.ERI,,Eritrea
countries.ESH,,Western Sahara
countries.ESP,,Spain
countries.EST,,Estonia
countries.ETH,,Ethiopia
countries.FAR,,Farajaland
countries.FIN,,Finland
countries.FJI,,Fiji
countries.FLK,,Falkland Islands (Malvinas)
countries.FRA,,France
countries.FRO,,Faroe Islands
countries.FSM,,Micronesia (Federated States of)
countries.GAB,,Gabon
countries.GBR,,United Kingdom of Great Britain and Northern Ireland
countries.GEO,,Georgia
countries.GGY,,Guernsey
countries.GHA,,Ghana
countries.GIB,,Gibraltar
countries.GIN,,Guinea
countries.GLP,,Guadeloupe
countries.GMB,,Gambia
countries.GNB,,Guinea-Bissau
countries.GNQ,,Equatorial Guinea
countries.GRC,,Greece
countries.GRD,,Grenada
countries.GRL,,Greenland
countries.GTM,,Guatemala
countries.GUF,,French Guiana
countries.GUM,,Guam
countries.GUY,,Guyana
countries.HKG,,"China, Hong Kong Special Administrative Region"
countries.HMD,,Heard Island and McDonald Islands
countries.HND,,Honduras
countries.HRV,,Croatia
countries.HTI,,Haiti
countries.HUN,,Hungary
countries.IDN,,Indonesia
countries.IMN,,Isle of Man
countries.IND,,India
countries.IOT,,British Indian Ocean Territory
countries.IRL,,Ireland
countries.IRN,,Iran (Islamic Republic of)
countries.IRQ,,Iraq
countries.ISL,,Iceland
countries.ISR,,Israel
countries.ITA,,Italy
countries.JAM,,Jamaica
countries.JEY,,Jersey
countries.JOR,,Jordan
countries.JPN,,Japan
countries.KAZ,,Kazakhstan
countries.KEN,,Kenya
countries.KGZ,,Lao People's Democratic Republic Republic
countries.KHM,,Cambodia
countries.KIR,,Kiribati
countries.KNA,,Saint Kitts and Nevis
countries.KOR,,Republic of Korea
countries.KWT,,Kuwait
countries.LBN,,Lebanon
countries.LBR,,Liberia
countries.LBY,,Libya
countries.LCA,,Saint Lucia
countries.LIE,,Liechtenstein
countries.LKA,,Sri Lanka
countries.LSO,,Lesotho
countries.LTU,,Lithuania
countries.LUX,,Luxembourg
countries.LVA,,Latvia
countries.MAC,,"China, Macao Special Administrative Region"
countries.MAF,,Saint Martin (French Part)
countries.MAR,,Morocco
countries.MCO,,Monaco
countries.MDA,,Republic of Moldova
countries.MDG,,Madagascar
countries.MDV,,Maldives
countries.MEX,,Mexico
countries.MHL,,Marshall Islands
countries.MKD,,The former Yugoslav Republic of Macedonia
countries.MLI,,Mali
countries.MLT,,Malta
countries.MMR,,Myanmar
countries.MNE,,Montenegro
countries.MNG,,Mongolia
countries.MNP,,Northern Mariana Islands
countries.MOZ,,Mozambique
countries.MRT,,Mauritania
countries.MSR,,Montserrat
countries.MTQ,,Martinique
countries.MUS,,Mauritius
countries.MWI,,Malawi
countries.MYS,,Malaysia
countries.MYT,,Mayotte
countries.NAM,,Namibia
countries.NCL,,New Caledonia
countries.NER,,Niger
countries.NFK,,Norfolk Island
countries.NGA,,Nigeria
countries.NIC,,Nicaragua
countries.NIU,,Niue
countries.NLD,,Netherlands
countries.NOR,,Norway
countries.NPL,,Nepal
countries.NRU,,Nauru
countries.NZL,,New Zealand
countries.OMN,,Oman
countries.PAK,,Pakistan
countries.PAN,,Panama
countries.PCN,,Pitcairn
countries.PER,,Peru
countries.PHL,,Philippines
countries.PLW,,Palau
countries.PNG,,Papua New Guinea
countries.POL,,Poland
countries.PRI,,Puerto Rico
countries.PRK,,Democratic People's Republic of Korea
countries.PRT,,Portugal
countries.PRY,,Paraguay
countries.PSE,,State of Palestine
countries.PYF,,French Polynesia
countries.QAT,,Qatar
countries.REU,,Réunion
countries.ROU,,Romania
countries.RUS,,Russian Federation
countries.RWA,,Rwanda
countries.SAU,,Saudi Arabia
countries.SDN,,Sudan
countries.SEN,,Senegal
countries.SGP,,Singapore
countries.SGS,,South Georgia and the South Sandwich Islands
countries.SHN,,Saint Helena
countries.SJM,,Svalbard and Jan Mayen Islands
countries.SLB,,Solomon Islands
countries.SLE,,Sierra Leone
countries.SLV,,El Salvador
countries.SMR,,San Marino
countries.SOM,,Somalia
countries.SPM,,Saint Pierre and Miquelon
countries.SRB,,Serbia
countries.SSD,,South Sudan
countries.STP,,Sao Tome and Principe
countries.SUR,,Suriname
countries.SVK,,Slovakia
countries.SVN,,Slovenia
countries.SWE,,Sweden
countries.SWZ,,Eswatini
countries.SXM,,Sint Maarten (Dutch part)
countries.SYC,,Seychelles
countries.SYR,,Syrian Arab Republic
countries.TCA,,Turks and Caicos Islands
countries.TCD,,Chad
countries.TGO,,Togo
countries.THA,,Thailand
countries.TJK,,Tajikistan
countries.TKL,,Tokelau
countries.TKM,,Turkmenistan
countries.TLS,,Timor-Leste
countries.TON,,Tonga
countries.TTO,,Trinidad and Tobago
countries.TUN,,Tunisia
countries.TUR,,Turkey
countries.TUV,,Tuvalu
countries.TZA,,United Republic of Tanzania
countries.UGA,,Uganda
countries.UKR,,Ukraine
countries.UMI,,United States Minor Outlying Islands
countries.URY,,Uruguay
countries.USA,,United States of America
countries.UZB,,Uzbekistan
countries.VAT,,Holy See
countries.VCT,,Saint Vincent and the Grenadines
countries.VEN,,Venezuela (Bolivarian Republic of)
countries.VGB,,British Virgin Islands
countries.VIR,,United States Virgin Islands
countries.VNM,,Viet Nam
countries.VUT,,Vanuatu
countries.WLF,,Wallis and Futuna Islands
countries.WSM,,Samoa
countries.YEM,,Yemen
countries.ZAF,,South Africa
countries.ZMB,,Zambia
countries.ZWE,,Zimbabwe
custom.field.form.conditionalField,,Conditional field
custom.field.form.conditionalFieldDesc,,Select the field and the conditions on which this field should show
custom.field.form.conditionalFieldHeader,,Conditional parameters
custom.field.form.conditionalRegex,,Value RegEx
custom.field.form.description,,Description
custom.field.form.duplicateField,,Label already exists in this form section. Please create a unique label
custom.field.form.errorMessage,,Error message
custom.field.form.heading,,Certificate handlebars
custom.field.form.hideField,,Hide field
custom.field.form.inputWidth,,Input width
custom.field.form.label,,Label
custom.field.form.maxLength,,Max length
custom.field.form.placeholder,,Placeholder
custom.field.form.requiredField,,Required for registration
custom.field.form.tooltip,,Tooltip
custom.field.form.unit,,Unit
custom.field.form.unitOptionCm,,Centimeter (Cm)
custom.field.form.unitOptionEmpty,,None
custom.field.form.unitOptionG,,Gram (G)
custom.field.form.unitOptionKg,,Kilogram (Kg)
custom.field.form.unitOptionM,,Meter (M)
custom.field.number.heading,,Custom number input
custom.field.phone.heading,,Custom phone number
custom.field.text.heading,,Custom text input
custom.field.textarea.heading,,Custom textarea
dashboard.dashboardTitle,Dashboard title,Dashboard
dashboard.leaderboardTitle,Leaderboards title,Leaderboards
dashboard.noContent,No content information for dashboard,No content to show. Make sure the following variables are configured in the <strong>client-config.js</strong> provided by your country config package:<br /><ul><li><strong>LEADERBOARDS_DASHBOARD_URL</strong></li><li><strong>REGISTRATIONS_DASHBOARD_URL</strong></li><li><strong>STATISTICS_DASHBOARD_URL</strong></li></ul>
dashboard.statisticTitle,Statistics title,Statistics
duplicates.button.markAsDuplicate,Mark as duplicate button text,Mark as duplicate
duplicates.button.notDuplicate,Not a duplicate button text,Not a duplicate
duplicates.compare.supportingDocuments,Supporting documents header for duplicates comparison,Supporting documents
duplicates.compare.title,Duplicate compare page title message,Review {actualTrackingId} against {duplicateTrackingId}
duplicates.content.duplicateDropdownMessage,Selecting from the duplicate trackingIds,Duplicate of
duplicates.content.header,Declaration details header of two duplicate ones,Declaration details
duplicates.content.markAsDuplicate,Mark as duplicate content confirmation title message,Mark {trackingId} as duplicate?
duplicates.content.markAsDuplicateReason,Review page header for duplicates declarations,Please describe your reason
duplicates.content.notDuplicateConfirmationTitle,Not a duplicate content confirmation title message,Are you sure {name} ({trackingId}) is not duplicate?
duplicates.content.subtitle,Duplicates content subtitle message,"This record was flagged as a potential duplicate of: {trackingIds}. Please review these by clicking on each tracking ID in the tab section to view a side-by-side comparison below, and confirm if this record is a duplicate"
duplicates.content.title,Duplicates content title message,Is {name} ({trackingId}) a duplicate?
duplicates.review.header,Review page header for duplicates declarations,Potential {event} duplicate review
duplicates.warning,The warning message shown when a declaration has potential duplicates,Potential duplicate of record {trackingId}
email.label.confirmation,Confirmation email address message,A verification code has been sent to {email}
error.code,Error code,401
error.draftFailed,Tips for failed declarations,This is some messaging on advicing the user on what to do... in the event of a failed declaration.
error.occurred,The error message that displays if we want the user to try the action again,An error occurred. Please try again.
error.page.load.failed,Error message when page failed to load,"Sorry, we couldn't load the content for this page"
error.passwordSubmissionError,Error message when password verification fails,Sorry that password did not work
error.required.password,New password required,New password is not valid
error.search,The error message shown when a search query fails,An error occurred while searching
error.somethingWentWrong,Error description,Something went wrong.
error.title,Error title,Oops!
error.title.unauthorized,Error title unauthorized,Unauthorized!
error.userListError,Error message when user list loads fails,Failed to load users
error.weAreTryingToFixThisError,Error description,This page could not be found
fieldAgentHome.allUpdatesText,,Great job! You have updated all declarations
fieldAgentHome.inProgressCount,,In progress ({total})
fieldAgentHome.queryError,The text when error ocurred loading rejected declarations,An error occurred while loading declarations
fieldAgentHome.requireUpdatesCount,,Require updates ({total})
fieldAgentHome.requireUpdatesCountLoading,,Checking your declarations
fieldAgentHome.sentForReviewCount,,Sent for review ({total})
fieldAgentHome.zeroUpdatesText,,No declarations require updates
form.customField.label.birthLateRegistrationReason,,Reason for late registration (after 30 days)
form.customField.label.causeOfDeath,,Cause of death
form.customField.label.certificateCostIsFree,,Your paper certificate is free
form.customField.label.certificateDelayedCost,,"Your paper certificate is USh: 10,000"
form.customField.label.certificateLateCost,,"Your paper certificate is USh: 5,000"
form.customField.label.circumstances,,Description of circumstances under which body was found
form.customField.label.deathLateRegistrationReason,,Reason for late registration (after 90 days)
form.customField.label.deceasedIdentityUnknown,,Deceased identity is unknown
form.customField.label.declarationWitness,,Declaration witness
form.customField.label.motherMaidenName,,Maiden name
form.customField.label.pointOfContact,,Point of contact
form.customField.label.reasonWhyUnidentifiable,,Reason why individual is not identifiable
form.customField.label.timeOfBirth,,Time of birth
form.customField.label.timeOfDeath,,Time of death
form.customField.label.townOrVillage,,Town/Village
form.field.SearchField.changeButtonLabel,,"{fieldName, select, registrationOffice {Change assigned office} other {Change health institute}}"
form.field.SearchField.modalTitle,,"{fieldName, select, registrationOffice {Assigned registration office} other {Health institutions}}"
form.field.SearchField.officeLocationId,,Id: {locationId}
form.field.SearchField.placeHolderText,,Search
form.field.dateRangepicker.checkbox.dateLabel,,{rangeStart} to {rangeEnd}
form.field.hideLabel,Button to hide section,Hide
form.field.label.NID,,NID
form.field.label.NIDNetErr,,The request to the NID system was unsuccessful. Please try again with a better connection.
form.field.label.addFile,,Upload
form.field.label.addressLine1,,Village
form.field.label.addressLine2,,Street
form.field.label.addressLine3,,Union / Municipality / Cantonment
form.field.label.affidavit,,Affidavit
form.field.label.ageOfBride,,Age of bride
form.field.label.ageOfDeceased,,Age of deceased
form.field.label.ageOfFather,,Age of father
form.field.label.ageOfGroom,,Age of groom
form.field.label.ageOfInformant,,Age of notifier
form.field.label.ageOfMother,,Age of mother
form.field.label.ageOfSpouse,,Age of spouse
form.field.label.app.certifyRecordTo.bride,,Print and issue to bride
form.field.label.app.certifyRecordTo.father,,Print and issue to father
form.field.label.app.certifyRecordTo.groom,,Print and issue to groom
form.field.label.app.certifyRecordTo.informant,,"Print and issue to informant ({informant, select, MOTHER {Mother} FATHER {Father} GRANDFATHER {Grandfather} GRANDMOTHER {Grandmother} BROTHER {Brother} SISTER {Sister} LEGAL_GUARDIAN {Legal guardian} BRIDE {Bride} GROOM {Groom} HEAD_OF_GROOM_FAMILY {Head of groom's family} HEAD_OF_BRIDE_FAMILY {Head of bride's family} SPOUSE {Spouse} SON {Son} DAUGHTER {Daughter} SON_IN_LAW {Son in law} DAUGHTER_IN_LAW {Daughter in law} GRANDSON {Grandson} GRANDDAUGHTER {Granddaughter} other {{informant}}})"
form.field.label.app.certifyRecordTo.mother,,Print and issue to mother
form.field.label.app.phoneVerWarn,,Check with the notifier that the mobile phone number you have entered is correct
form.field.label.app.whoContDet.app,,Notifier
form.field.label.app.whoContDet.both,,Both Parents
form.field.label.app.whoContDet.brother,,Brother
form.field.label.app.whoContDet.daughterInLaw,,Daughter in law
form.field.label.app.whoContDet.father,,Father
form.field.label.app.whoContDet.grandDaughter,,Granddaughter
form.field.label.app.whoContDet.grandFather,,Grandfather
form.field.label.app.whoContDet.grandMother,,Grandmother
form.field.label.app.whoContDet.grandSon,,Grandson
form.field.label.app.whoContDet.legalGuardian,,Legal guardian
form.field.label.app.whoContDet.mother,,Mother
form.field.label.app.whoContDet.other,,Other
form.field.label.app.whoContDet.sister,,Sister
form.field.label.app.whoContDet.sonInLaw,,Son in law
form.field.label.app.whoContDet.spouse,,Spouse
form.field.label.appCurrAddSameAsPerm,,Is notifier's permanent address the same as their current address?
form.field.label.assignedResponsibilityProof,,Proof of assigned responsibility
form.field.label.attBirthOtherParaPers,,Other paramedical personnel
form.field.label.attendantAtBirth,,Attendant at birth
form.field.label.attendantAtBirthLayperson,,Layperson
form.field.label.attendantAtBirthMidwife,,Midwife
form.field.label.attendantAtBirthNone,,None
form.field.label.attendantAtBirthNurse,,Nurse
form.field.label.attendantAtBirthOther,,Other
form.field.label.attendantAtBirthTraditionalBirthAttendant,,Traditional birth attendant
form.field.label.birthLocation,,Hospital / Clinic
form.field.label.birthType,,Type of birth
form.field.label.birthTypeHigherMultipleDelivery,,Higher multiple delivery
form.field.label.birthTypeQuadruplet,,Quadruplet
form.field.label.birthTypeSingle,,Single
form.field.label.birthTypeTriplet,,Triplet
form.field.label.birthTypeTwin,,Twin
form.field.label.caregiver.father,,Father
form.field.label.caregiver.informant,,Notifier is the primary caregiver
form.field.label.caregiver.legalGuardian,,Legal Guardian
form.field.label.caregiver.mother,,Mother
form.field.label.caregiver.other,,Other caregiver
form.field.label.caregiver.parents,,Mother and father
form.field.label.causeOfDeathEstablished,,Medically certified cause of death has been established
form.field.label.causeOfDeathMethod,,Source of cause of death
form.field.label.certificatePrintInAdvance,,Print in advance
form.field.label.childFamilyName,,Last name
form.field.label.childFirstNames,,First name(s)
form.field.label.city,Label for City,Parish/Ward
form.field.label.community,,Community
form.field.label.confirm,,Yes
form.field.label.corrector.supportDocumentSubtitle,,"For all record corrections at a minimum an affidavit must be provided. For material errors and omissions eg. in paternity cases, a court order must also be provided."
form.field.label.country,,Country
form.field.label.creatingNewUser,,Creating new user
form.field.label.dateOfBirth,,Date of birth
form.field.label.dateOfMarriage,,Date of marriage
form.field.label.deathAtFacility,,What hospital did the death occur at?
form.field.label.deathAtOtherLocation,,What is the other address that the death occurred at?
form.field.label.deathAtPrivateHome,,What is the address of the private home?
form.field.label.deathDate,,"Enter the date as: day, month, year e.g. 24 10 2020"
form.field.label.deathDescription,,Description
form.field.label.deathPlace,,Place of Occurrence of Death
form.field.label.deceasedCurAddSamePerm,,Is deceased's current address the same as their permanent address?
form.field.label.deceasedDeathNotification,,Notification of death
form.field.label.deceasedDoBProof,,Proof of date of birth of deceased
form.field.label.deceasedDocumentParagraph,,The following documents are required
form.field.label.deceasedFamilyName,,Last Name(s) in default character set other than English
form.field.label.deceasedFathersFamilyNameEng,,Last name
form.field.label.deceasedFathersGivenNamesEng,,First name(s)
form.field.label.deceasedGivenNames,,First Name(s) in default character set other than English
form.field.label.deceasedIDProof,,Proof of deceased's ID
form.field.label.deceasedIdType,,Existing ID
form.field.label.deceasedMothersFamilyNameEng,,Last name
form.field.label.deceasedMothersGivenNamesEng,,First name(s)
form.field.label.deceasedPrimaryAddress,,Usual place of residence
form.field.label.deceasedPrimaryAddressProof,,Proof of Permanent Address of Deceased
form.field.label.deceasedSecondaryAddress,,Secondary Address
form.field.label.deceasedSecondaryAddressSameAsPrimary,,Was their secondary address the same as their primary address?
form.field.label.deceasedSexOther,,Other
form.field.label.deceasedSpousesFamilyNameEng,,Last name
form.field.label.deceasedSpousesGivenNamesEng,,First name(s)
form.field.label.declaration.certLang.other,,Other
form.field.label.declaration.certificateLanguage,,Which languages does the notifier want the certificate issued in?
form.field.label.declaration.comment.desc,,Use this section to add any comments or notes that might be relevant to the completion and certification of this declaration. This information won't be shared with the notifiers.
form.field.label.declaration.commentsOrNotes,,Comments or notes
form.field.label.declaration.phone,,Phone number
form.field.label.declaration.whoIsPresent,,Notifier type
form.field.label.declaration.whoIsPresent.both,,Both Parents
form.field.label.declaration.whoIsPresent.father,,Father
form.field.label.declaration.whoIsPresent.mother,,Mother
form.field.label.declaration.whoIsPresent.other,,Other
form.field.label.declaration.whoseContactDetails,,Main point of contact
form.field.label.defaultLabel,,Label goes here
form.field.label.deliveryAddress,,Address of place of delivery
form.field.label.deliveryInstitution,,Type or select institution
form.field.label.deny,,No
form.field.label.district,Label for District,District
form.field.label.docTypeBirthCert,,Birth certificate
form.field.label.docTypeChildAgeProof,,Proof of child's age
form.field.label.docTypeChildBirthProof,,Notification of birth
form.field.label.docTypeCopyOfBurialReceipt,,Certified copy of burial receipt
form.field.label.docTypeCoronersReport,,Coroner's report
form.field.label.docTypeDeathCertificate,,Attested certificate of death
form.field.label.docTypeDoctorCertificate,,Doctor certificate
form.field.label.docTypeEPICard,,EPI card
form.field.label.docTypeEPIStaffCertificate,,EPI staff certificate
form.field.label.docTypeFuneralReceipt,,Certified copy of funeral receipt
form.field.label.docTypeHospitalDeathCertificate,,Hospital certificate of death
form.field.label.docTypeLetterOfDeath,,LC1 Letter (Community Death)
form.field.label.docTypeMarriageNotice,,Notice of marriage
form.field.label.docTypeMedicalInstitution,,Proof of birth from medical institution
form.field.label.docTypeNID,,National ID
form.field.label.docTypeOther,,Other
form.field.label.docTypePassport,,Passport
form.field.label.docTypePoliceCertificate,,Police certificate of death
form.field.label.docTypePostMortemReport,,Certified post mortem report
form.field.label.docTypeSC,,School certificate
form.field.label.docTypeSignedAffidavit,,Signed affidavit
form.field.label.docTypeTaxReceipt,,Receipt of tax payment
form.field.label.docTypebirthAttendant,,Proof of birth from birth attendant
form.field.label.educationAttainment,,Level of education
form.field.label.educationAttainmentISCED1,,Primary
form.field.label.educationAttainmentISCED2,,Lower secondary
form.field.label.educationAttainmentISCED3,,Upper secondary
form.field.label.educationAttainmentISCED4,,Secondary
form.field.label.educationAttainmentISCED5,,Tertiary
form.field.label.educationAttainmentISCED6,,Second stage tertiary
form.field.label.educationAttainmentNone,,No schooling
form.field.label.educationAttainmentNotStated,,Not stated
form.field.label.email,,Email
form.field.label.empty,empty string,
form.field.label.exactDateOfBirthUnknown,,Exact date of birth unknown
form.field.label.familyName,,Other name(s)
form.field.label.father.nationality,,Nationality
form.field.label.father.nationalityBangladesh,,Bangladesh
form.field.label.fatherFamilyName,,Last Name(s) in default character set other than English
form.field.label.fatherFirstNames,,First Name(s) in default character set other than English
form.field.label.fatherIsDeceased,,Father has died
form.field.label.fatherPlaceOfBirth,,What is his village of origin?
form.field.label.fatherPrimaryAddress,,Usual place of residence
form.field.label.fathersDetailsExist,,Father's details are not available
form.field.label.fetchDeceasedDetails,,VERIFY NATIONAL ID
form.field.label.fetchFatherDetails,,VERIFY NATIONAL ID
form.field.label.fetchIdentifierModalErrorTitle,,Invalid Id
form.field.label.fetchIdentifierModalSuccessTitle,,ID valid
form.field.label.fetchIdentifierModalTitle,,Checking
form.field.label.fetchInformantDetails,,VERIFY NATIONAL ID
form.field.label.fetchMotherDetails,,VERIFY NATIONAL ID
form.field.label.fetchPersonByNIDModalErrorText,,National ID not found.  Please enter a valid National ID and date of birth.
form.field.label.fetchPersonByNIDModalInfo,,National ID
form.field.label.fetchRegistrationModalErrorText,,No registration found for provided BRN
form.field.label.fetchRegistrationModalInfo,,Birth Registration Number
form.field.label.fileSizeError,,File size must be less than 2MB
form.field.label.fileUploadError,,{type} supported image only
form.field.label.firstName,,First name(s)
form.field.label.firstNameEN,,First name(s)
form.field.label.firstNames,,Surname
form.field.label.form12,,Form 12
form.field.label.form3,,Form 3
form.field.label.healthFacility,,Health Facility
form.field.label.healthInstitution,,Health Institution
form.field.label.hospital,,Hospital
form.field.label.iD,,ID Number
form.field.label.iDType,,Type of ID
form.field.label.iDTypeAlienID,,Alien ID
form.field.label.iDTypeAlienNumber,,Alien Number
form.field.label.iDTypeBRN,,Birth Registration Number
form.field.label.iDTypeDRN,,Death Registration Number
form.field.label.iDTypeDrivingLicense,,Drivers License
form.field.label.iDTypeNationalID,,National ID
form.field.label.iDTypeNoID,,No ID available
form.field.label.iDTypeOther,,Other
form.field.label.iDTypeOtherLabel,,Other type of ID
form.field.label.iDTypePassport,,Passport
form.field.label.iDTypeRefugeeAttestationId,,Refugee Attestation ID
form.field.label.iDTypeRefugeeID,,Refugee ID
form.field.label.iDTypeRefugeeNumber,,Refugee Number
form.field.label.imageUpload.uploadedList,,Uploaded:
form.field.label.informant,Informant Label,Notifier
form.field.label.informantAthorityToApplyProof,,Proof of notifier's authority to apply
form.field.label.informantOtherRelationship,,Other relation
form.field.label.informantPrimaryAddress,,Usual place of residence
form.field.label.informantRelation.aunt,Label for option Aunt,Aunt
form.field.label.informantRelation.bride,Label for option bride,Bride
form.field.label.informantRelation.brother,Label for option brother,Brother
form.field.label.informantRelation.contactPoint,,Contact Point
form.field.label.informantRelation.daughter,Label for option Daughter,Daughter
form.field.label.informantRelation.daughterInLaw,Label for option Daughter in law,Daughter in law
form.field.label.informantRelation.driver,,Driver or operator of the land or water vehicle or aircraft where the death occurred
form.field.label.informantRelation.extendedFamily,Label for option Extended Family,Extended Family
form.field.label.informantRelation.father,Label for option father,Father
form.field.label.informantRelation.granddaughter,Label for option Granddaughter,Granddaughter
form.field.label.informantRelation.grandfather,Label for option Grandfather,Grandfather
form.field.label.informantRelation.grandmother,Label for option Grandmother,Grandmother
form.field.label.informantRelation.grandson,Label for option Grandson,Grandson
form.field.label.informantRelation.groom,Label for option groom,Groom
form.field.label.informantRelation.groomAndBride,Label for option Groom & Bride,Groom & Bride
form.field.label.informantRelation.headInst,,Head of the institution where the death occurred
form.field.label.informantRelation.healthFacilityAdministrator,,Health Facility Administrator
form.field.label.informantRelation.legalGuardian,Label for option Legal Guardian,Legal guardian
form.field.label.informantRelation.mother,Label for option mother,Mother
form.field.label.informantRelation.officer,,Officer-in-charge of the road or public space where the death occurred
form.field.label.informantRelation.other,,Other(Specify)
form.field.label.informantRelation.others,Label for option someone else,Other
form.field.label.informantRelation.owner,,Owner of the house or building where the death occurred
form.field.label.informantRelation.police,Label for option Police,Police
form.field.label.informantRelation.sister,Label for option Sister,Sister
form.field.label.informantRelation.son,Label for option Son,Son
form.field.label.informantRelation.sonInLaw,Label for option Son in law,Son in law
form.field.label.informantRelation.spouse,Label for option Spouse,Spouse
form.field.label.informantRelation.uncle,Label for option Uncle,Uncle
form.field.label.informantRelation.whoIsBirthInformant,Label for option birth informant,Who is notifier
form.field.label.informantRelation.whoIsDeathInformant,Label for option death informant,Who is notifier
form.field.label.informantSecondaryAddress,,Secondary Address
form.field.label.informantSecondaryAddressSameAsPrimary,,Is their secondary address the same as their primary address?
form.field.label.informantTitle,,Notifier's details
form.field.label.informants.nationality,,Nationality
form.field.label.informantsDateOfBirth,,Date of Birth
form.field.label.informantsFamilyName,,Last Name(s) in default character set other than English
form.field.label.informantsFamilyNameEng,,Last Name(s) in English
form.field.label.informantsGivenNames,,First Name(s) in default character set other than English
form.field.label.informantsGivenNamesEng,,First Name(s) in English
form.field.label.informantsIdType,,Existing ID
form.field.label.informantsRelationWithChild,,Relationship to child
form.field.label.informantsRelationWithDeceased,,Relationship to deceased
form.field.label.internationalAddressLine1,,Address Line 1
form.field.label.internationalAddressLine2,,Address Line 2
form.field.label.internationalAddressLine3,,Address Line 3
form.field.label.internationalCity,,City / Town
form.field.label.internationalDistrict,,District
form.field.label.internationalPostcode,,Postcode / Zip
form.field.label.internationalState,,State
form.field.label.lastName,,Last name
form.field.label.lastNameAtBirth,,Last name at birth (if different from above)
form.field.label.lastNameEN,,Last name
form.field.label.layReported,,Lay reported
form.field.label.legalGuardianProof,,Proof of legal guardianship
form.field.label.locationLevel3,Label for locationLevel3,County
form.field.label.locationLevel4,Label for locationLevel4,Sub-County/City/Municipality/Township
form.field.label.locationLevel5,Label for locationLevel5,Location Level 5
form.field.label.mannerOfDeath,,Circumstances of death
form.field.label.mannerOfDeathAccident,,Accident
form.field.label.mannerOfDeathBodyFound,,Body found
form.field.label.mannerOfDeathHomicide,,Homicide
form.field.label.mannerOfDeathLegalIntervention,Legal intervention,Legal intervention
form.field.label.mannerOfDeathNatural,,Natural causes
form.field.label.mannerOfDeathSuicide,,Suicide
form.field.label.mannerOfDeathUndetermined,,Manner undetermined
form.field.label.maritalStatus,,Marital status
form.field.label.maritalStatusDivorced,,Divorced
form.field.label.maritalStatusMarried,,Married
form.field.label.maritalStatusNotStated,,Not stated
form.field.label.maritalStatusSeparated,,Separated
form.field.label.maritalStatusSingle,,Single
form.field.label.maritalStatusWidowed,,Widowed
form.field.label.marriedLastName,,Married last name (if different)
form.field.label.medicalFacility,,Medical Facility
form.field.label.medicallyCertified,,Medical certificate of cause of death
form.field.label.methodOfCauseOfDeath,,Method of Cause of Death
form.field.label.middleName,,Given name
form.field.label.monogamy,,Monogamous
form.field.label.mother.nationality,,Nationality
form.field.label.mother.nationalityBangladesh,,Bangladesh
form.field.label.motherFamilyName,,Last name
form.field.label.motherFirstNames,,First name(s)
form.field.label.motherIsDeceased,,Mother has died
form.field.label.motherPlaceOfBirth,,What is her village of origin?
form.field.label.motherPlaceOfHeritage,,What is her place of origin (heritage)?
form.field.label.motherPrimaryAddress,,Usual place of residence
form.field.label.mothersDetailsExist,,Mother's details are not available
form.field.label.multipleBirth,,Parity
form.field.label.multipleBirthHint,,Parity is the number of times a woman has given birth (birth order of the child according to the mother)
form.field.label.name,,Name
form.field.label.nationality,,Nationality
form.field.label.nin,,NIN
form.field.label.occupation,,Occupation
form.field.label.optionalLabel,,Optional
form.field.label.other,,Other
form.field.label.otherAddress,,Other address
form.field.label.otherBirthSupportingDocuments,,Other
form.field.label.otherInformantType,,Other relation
form.field.label.otherInstitution,,Other
form.field.label.otherOption,,Other
form.field.label.parentDetailsType,,Do you have the mother and father's details?
form.field.label.passportNumber,,Passport Number
form.field.label.phoneNumber,,Phone number
form.field.label.physician,,Physician
form.field.label.placeOfBirth,,Place of birth
form.field.label.placeOfBirthPreview,,Place of birth
form.field.label.placeOfDeath,,Place of death
form.field.label.placeOfDeathOther,,Different Address
form.field.label.placeOfDeathSameAsCurrent,,Current address of the deceased
form.field.label.placeOfDeathSameAsPermanent,,Permanent address of the deceased
form.field.label.placeOfDeathSameAsPrimary,,Deceased's usual place of residence
form.field.label.placeOfDeathType,,Type of Place
form.field.label.placeOfMarriage,,Place of marriage
form.field.label.policeReport,,Police Report
form.field.label.polygamy,,Polygamous
form.field.label.postCode,,Number
form.field.label.primaryAddress,,Usual place of residence
form.field.label.primaryAddressSameAsDeceasedsPrimary,,Same as deceased's usual place of residence?
form.field.label.primaryAddressSameAsOtherPrimary,,Same as mother's usual place of residence?
form.field.label.primaryCaregiverType,,Who is looking after the child?
form.field.label.print.confirmMotherInformation,,Does their proof of ID document match the following details?
form.field.label.print.documentNumber,,Document number
form.field.label.print.otherPersonGivenNames,,Given name
form.field.label.print.otherPersonPrompt,,"Because there are no details of this person on record, we need to capture their details:"
form.field.label.print.signedAffidavit,,Do they have a signed affidavit?
form.field.label.print.warningNotVerified,,Please be aware that if you proceed you will be responsible for issuing a certificate without the necessary proof of ID from the collector.
form.field.label.privateHome,,Residential address
form.field.label.proofOfBirth,,Proof of birth
form.field.label.proofOfBridesID,,Proof of bride's identity
form.field.label.proofOfCauseOfDeath,,Proof of cause of death
form.field.label.proofOfDocCertificateOfChild,,Certificate from doctor to prove child's age OR School certificate
form.field.label.proofOfEPICardOfChild,,EPI Card of Child
form.field.label.proofOfFathersID,,Proof of father's ID
form.field.label.proofOfGroomsID,,Proof of groom's identity
form.field.label.proofOfInformantsID,,Proof of notifier's ID
form.field.label.proofOfMarriageNotice,,Notice of intention to marriage
form.field.label.proofOfMothersID,,Proof of mother's ID
form.field.label.proofOfParentPrimaryAddress,,Proof of Permanent Address of Parent
form.field.label.radio.father,,Only the father's
form.field.label.radio.mother,,Only the mother's
form.field.label.reasonFatherNotApplying,,Reason
form.field.label.reasonFatherNotApplyingPreview,,Reason
form.field.label.reasonMotherNotApplyingPreview,,Reason
form.field.label.reasonNotApplying,,Reason
form.field.label.registrationName,,Registration Name
form.field.label.registrationOffice,,Registration Office
form.field.label.relInstHeadPlaceOfBirth,,Head of the institution where the birth occurred
form.field.label.relationBrother,,Brother
form.field.label.relationGrandfather,,Grandfather
form.field.label.relationGrandmother,,Grandmother
form.field.label.relationHouseOwner,,Owner of the house or building where the birth occurred
form.field.label.relationOfficeInCharge,,Officer-in-charge of the road or public space where the birth occurred
form.field.label.relationOperator,,Driver or operator of the land or water vehicle or aircraft where the birth occurred
form.field.label.relationOtherFamilyMember,Label for other family member relation,Other family member
form.field.label.relationSister,,Sister
form.field.label.relationSomeoneElse,,Someone else
form.field.label.relationship,,Relationship
form.field.label.relationshipPlaceHolder,,eg. Grandmother
form.field.label.relationshipToSpouses,,Relationship to spouses
form.field.label.resedentialAddress,,Residential address of the deceased
form.field.label.rural,,Rural
form.field.label.secondaryAddress,,Secondary address
form.field.label.secondaryAddressSameAsOtherSecondary,,Is the secondary address the same as the mother's secondary address?
form.field.label.secondaryAddressSameAsPermanent,,Is her usual place of residence the same as her residential address?
form.field.label.secondaryAddressSameAsPrimary,,Is their secondary address the same as their primary address?
form.field.label.selectOne,,Please select an option
form.field.label.self,The title that appears when selecting self as informant,Self
form.field.label.sex,,Sex
form.field.label.sexFemale,,Female
form.field.label.sexMale,,Male
form.field.label.socialSecurityNumber,,Social security no./NAPSA
form.field.label.someoneElse,Other Label,Someone else
form.field.label.someoneElseCollector,,Print and issue to someone else
form.field.label.spouseDetailsExist,,Spouse's details are not available
form.field.label.state,Label for State,Region
,,
,,
,,
,,
,,
,,
,,
,,
,,
,,
,,
,,
,,
,,
,,
,,
,,
,,
,,
,,
,,
,,
,,
,,
,,
,,
,,
,,
,,
,,
,,
,,
,,
,,
,,
,,
,,
,,
,,
,,
,,
,,
,,
,,
,,
,,
,,
,,
,,
,,
,,
,,
,,
,,
,,
,,
,,
,,
,,
,,
,,
,,
,,
,,
,,
,,
,,
,,
,,
,,
,,
,,
,,
,,
,,
,,
,,
,,
,,
,,
,,
,,
,,
,,
,,
,,
,,
,,
,,
,,
,,
,,
,,
,,
,,
,,
,,
,,
,,
,,
,,
,,
,,
,,
,,
,,
,,
,,
,,
,,
,,
,,
,,
,,
,,
,,
,,
,,
,,
,,
,,
,,
,,
,,
,,
,,
,,
,,
,,
,,
,,
,,
,,
,,
,,
,,
,,
,,
,,
,,
,,
,,
,,
,,
,,
,,
,,
,,
,,
,,
,,
,,
,,
,,
,,
,,
,,
,,
,,
,,
,,
,,
,,
,,
,,
,,
,,
,,
,,
,,
,,
,,
,,
,,
,,
,,
,,
,,
,,
,,
,,
,,
,,
,,
,,
,,
,,
,,
,,
,,
,,
,,
,,
,,
,,
,,
,,
,,
,,
,,
,,
,,
,,
,,
,,
,,
,,
,,
,,
,,
,,
,,
,,
,,
,,
,,
,,
,,
,,
,,
,,
,,
,,
,,
,,
,,
,,
,,
,,
,,
,,
,,
,,
,,
,,
,,
,,
,,
,,
,,
,,
,,
,,
,,
,,
,,
,,
,,
,,
,,
,,
,,
,,
,,
,,
,,
,,
,,
,,
,,
,,
,,
,,
,,
,,
,,
,,
,,
,,
,,
,,
,,
,,
,,
,,
,,
,,
,,
,,
,,
,,
,,
,,
,,
,,
,,
,,
,,
,,
,,
,,
,,
,,
,,
,,
,,
,,
,,
,,
,,
,,
,,
,,
,,
,,
,,
,,
,,
,,
,,
,,
,,
,,
,,
,,
,,
,,
,,
,,
,,
,,
,,
,,
,,
,,
,,
,,
,,
,,
,,
,,
,,
,,
,,
,,
,,
,,
,,
,,
,,
,,
,,
,,
,,
,,
,,
,,
,,
,,
,,
,,
,,
,,
,,
,,
,,
,,
,,
,,
,,
,,
,,
,,
,,
,,
,,
,,
,,
,,
,,
,,
,,
,,
,,
,,
,,
,,
,,
,,
,,
,,
,,
,,
,,
,,
,,
,,
,,
,,
,,
,,
,,
,,
,,
,,
,,
,,
,,
,,
,,
,,
,,
,,
,,
,,
,,
,,
,,
,,
,,
,,
,,
,,
,,
,,
,,
,,
,,
,,
,,
,,
,,
,,
,,
,,
,,
,,
,,
,,
,,
,,
,,
,,
,,
,,
,,
,,
,,
,,
,,
,,
,,
,,
,,
,,
,,
,,
,,
,,
,,
,,
,,
,,
,,
,,
,,
,,
,,
,,
,,
,,
,,
,,
,,
,,
,,
,,
,,
,,
,,
,,
,,
,,
,,
,,
,,
,,
,,
,,
,,
,,
,,
,,
,,
,,
,,
,,
,,
,,
,,
,,
,,
,,
,,
,,
,,
,,
,,
,,
,,
,,
,,
,,
,,
,,
,,
,,
,,
,,
,,
,,
,,
,,
,,
,,
,,
,,
,,
,,
,,
,,
,,
,,
,,
,,
,,
,,
,,
,,
,,
,,
,,
,,
,,
,,
,,
,,
,,
,,
,,
,,
,,
,,
,,
,,
,,
,,
,,
,,
,,
,,
,,
,,
,,
,,
,,
,,
,,
,,
,,
,,
,,
,,
,,
,,
,,
,,
,,
,,
,,
,,
,,
,,
,,
,,
,,
,,
,,
,,
,,
,,
,,
,,
,,
,,
,,
,,
,,
,,
,,
,,
,,
,,
,,
,,
,,
,,
,,
,,
,,
,,
,,
,,
,,
,,
,,
,,
,,
,,
,,
,,
,,
,,
,,
,,
,,
,,
,,
,,
,,
,,
,,
,,
,,
,,
,,
,,
,,
,,
,,
,,
,,
,,
,,
,,
,,
,,
,,
,,
,,
,,
,,
,,
,,
,,
,,
,,
,,
,,
,,
,,
,,
,,
,,
,,
,,
,,
,,
,,
,,
,,
,,
,,
,,
,,
,,
,,
,,
,,
,,
,,
,,
,,
,,
,,
,,
,,
,,
,,
,,
,,
,,
,,
,,
,,
,,
,,
,,
,,
,,
,,
,,
,,
,,
,,
,,
,,
,,
,,
,,
,,
,,
,,
,,
,,
,,
,,
,,
,,
,,
,,
,,
,,
,,
,,
,,
,,
,,
,,
,,
,,
,,
,,
,,
,,
,,
,,
,,
,,
,,
,,
,,
,,
,,
,,
,,
,,
,,
,,
,,
,,
,,
,,
,,
,,
,,
,,
,,
,,
,,
,,
,,
,,
,,
,,
,,
,,
,,
,,
,,
,,
,,
,,
,,
,,
,,
,,
,,
,,
,,
,,
,,
,,
,,
,,
,,
,,
,,
,,
,,
,,
,,
,,
,,
,,
,,
,,
,,
,,
,,
,,
,,
,,
,,
,,
,,
,,
,,
,,
,,
,,
,,
,,
,,
,,
,,
,,
,,
,,
,,
,,
,,
,,
,,
,,
,,
,,
,,
,,
,,
,,
,,
,,
,,
,,
,,
,,
,,
,,
,,
,,
,,
,,
,,
,,
,,
,,
,,
,,
,,
,,
,,
,,
,,
,,
,,
,,
,,
,,
,,
,,
,,
,,
,,
,,
,,
,,
,,
,,
,,
,,
,,
,,
,,
,,
,,
,,
,,
,,
,,
,,
,,
,,
,,
,,
,,
,,
,,
,,
,,
,,
,,
,,
,,
,,
,,
,,
,,
,,
,,
,,
,,
,,
,,
,,
,,
,,
,,
,,
,,
,,
,,
,,
,,
,,
,,
,,
,,
,,
,,
,,
,,
